Profile Name,Title Desc,Selection Type,Choice Segment Id,Has Watched,Source,Utc Timestamp
Begüm:),Choose Love,countdown_interrupted,,false,iOS,2023-09-07 16:34:58
Begüm:),Choose Love,countdown_interrupted,,false,iOS,2023-09-07 16:34:10
Begüm:),Choose Love,countdown_interrupted,,false,iOS,2023-09-07 16:32:10
Begüm:),Choose Love,countdown_interrupted,,false,iOS,2023-09-07 16:29:39
Begüm:),Choose Love,countdown_interrupted,,false,iOS,2023-09-07 16:25:43
Begüm:),Choose Love,countdown_interrupted,,false,iOS,2023-09-05 17:24:47
Begüm:),Choose Love,countdown_interrupted,,false,iOS,2023-09-05 17:21:43
Begüm:),Choose Love,countdown_interrupted,,false,iOS,2023-09-05 17:20:35
Begüm:),Choose Love,countdown_interrupted,,false,iOS,2023-09-05 17:16:15
Begüm:),Choose Love,countdown_interrupted,,false,iOS,2023-09-05 17:14:18
Hülya,Puss in Book: Trapped in an Epic Tale,countdown_complete,İp İstesin,true,tvui,2022-09-07 14:25:40
Hülya,Puss in Book: Trapped in an Epic Tale,countdown_complete,Yeni Bir Şapka Dilesin,true,tvui,2022-09-07 14:23:42
Hülya,Puss in Book: Trapped in an Epic Tale,countdown_complete,Mücadele Et,true,tvui,2022-09-07 14:20:56
Hülya,Puss in Book: Trapped in an Epic Tale,countdown_complete,Korsan Kedi,true,tvui,2022-09-07 14:17:18
Hülya,Puss in Book: Trapped in an Epic Tale,countdown_complete,Ayılar Dost Olsun,true,tvui,2022-09-07 14:15:18
Hülya,Puss in Book: Trapped in an Epic Tale,countdown_complete,Goldilocks Olsun,true,tvui,2022-09-07 14:13:50
Hülya,Puss in Book: Trapped in an Epic Tale,countdown_complete,Bir Tanrıyla Savaşsın,true,tvui,2022-09-07 14:10:56
Hülya,Puss in Book: Trapped in an Epic Tale,countdown_complete,Bir Ağaçla Savaşsın,false,tvui,2022-09-07 14:10:16
Hülya,Puss in Book: Trapped in an Epic Tale,countdown_complete,Son,false,tvui,2022-04-01 17:57:32
Hülya,Puss in Book: Trapped in an Epic Tale,countdown_complete,Alabalık Şarkısı,false,tvui,2022-04-01 17:55:07
Hülya,Puss in Book: Trapped in an Epic Tale,countdown_complete,Modern Dans,false,tvui,2022-04-01 17:53:36
Hülya,Puss in Book: Trapped in an Epic Tale,countdown_complete,Cini Özgür Bıraksın,false,tvui,2022-04-01 17:45:53
Hülya,Puss in Book: Trapped in an Epic Tale,countdown_complete,Balık Olsun,false,tvui,2022-04-01 17:43:56
Hülya,Puss in Book: Trapped in an Epic Tale,countdown_complete,Zenginlik Dilesin,false,tvui,2022-04-01 17:42:02
Hülya,Puss in Book: Trapped in an Epic Tale,countdown_complete,Çay İçsin,false,tvui,2022-04-01 17:39:18
Hülya,Puss in Book: Trapped in an Epic Tale,countdown_complete,Korsan Kedi,true,tvui,2022-04-01 17:32:49
Hülya,Puss in Book: Trapped in an Epic Tale,countdown_complete,Ayılar Düşman Olsun,false,tvui,2022-04-01 17:30:51
Hülya,Puss in Book: Trapped in an Epic Tale,countdown_complete,Goldilocks Olsun,true,tvui,2022-04-01 17:29:23
Hülya,Puss in Book: Trapped in an Epic Tale,countdown_complete,Bir Tanrıyla Savaşsın,true,tvui,2022-04-01 17:26:29
Hülya,Puss in Book: Trapped in an Epic Tale,countdown_complete,Bir Ağaçla Savaşsın,false,tvui,2022-04-01 17:25:48
Hülya,Puss in Book: Trapped in an Epic Tale,countdown_complete,Öpsün,false,tvui,2022-03-09 17:16:24
Hülya,Puss in Book: Trapped in an Epic Tale,countdown_complete,Kraliçeyi Bulsun,false,tvui,2022-03-09 17:12:26
Hülya,Puss in Book: Trapped in an Epic Tale,countdown_complete,Kraliçe,false,tvui,2022-03-09 17:11:12
Hülya,Puss in Book: Trapped in an Epic Tale,countdown_complete,Çizmeli Kedi Şarkısı,false,tvui,2022-03-09 17:08:55
Hülya,Puss in Book: Trapped in an Epic Tale,countdown_complete,Flamenko,false,tvui,2022-03-09 17:07:27
Hülya,Puss in Book: Trapped in an Epic Tale,countdown_complete,Kendini Özgür Bıraksın,false,tvui,2022-03-09 17:03:05
Hülya,Puss in Book: Trapped in an Epic Tale,countdown_complete,İp İstesin,false,tvui,2022-03-09 17:01:00
Hülya,Puss in Book: Trapped in an Epic Tale,countdown_complete,Yeni Bir Şapka Dilesin,false,tvui,2022-03-09 16:59:03
Hülya,Puss in Book: Trapped in an Epic Tale,countdown_complete,Mücadele Et,false,tvui,2022-03-09 16:56:17
Hülya,Puss in Book: Trapped in an Epic Tale,countdown_complete,Korsan Kedi,false,tvui,2022-03-09 16:52:38
Hülya,Puss in Book: Trapped in an Epic Tale,countdown_complete,Ayılar Dost Olsun,false,tvui,2022-03-09 16:50:38
Hülya,Puss in Book: Trapped in an Epic Tale,countdown_complete,Devi Görsün,false,tvui,2022-03-09 16:40:42
Hülya,Puss in Book: Trapped in an Epic Tale,countdown_complete,Bir Tanrıyla Savaşsın,true,tvui,2022-03-09 16:37:48
Hülya,Puss in Book: Trapped in an Epic Tale,countdown_complete,Bir Ağaçla Savaşsın,false,tvui,2022-03-09 16:37:08
Hülya,Puss in Book: Trapped in an Epic Tale,countdown_complete,Çizmeli Kedi Şarkısı,false,tvui,2022-02-20 11:14:50
Hülya,Puss in Book: Trapped in an Epic Tale,countdown_complete,Flamenko,false,tvui,2022-02-20 11:13:23
Hülya,Puss in Book: Trapped in an Epic Tale,countdown_complete,Kendini Özgür Bıraksın,false,tvui,2022-02-20 11:11:10
Hülya,Puss in Book: Trapped in an Epic Tale,countdown_complete,İp İstesin,false,tvui,2022-02-20 11:09:06
Hülya,Puss in Book: Trapped in an Epic Tale,countdown_complete,Yeni Bir Şapka Dilesin,false,tvui,2022-02-20 11:07:08
Hülya,Puss in Book: Trapped in an Epic Tale,countdown_complete,Mücadele Et,false,tvui,2022-02-20 11:04:22
Hülya,Puss in Book: Trapped in an Epic Tale,countdown_complete,Korsan Kedi,false,tvui,2022-02-20 10:55:52
Hülya,Puss in Book: Trapped in an Epic Tale,countdown_complete,Ayılar Dost Olsun,false,tvui,2022-02-20 10:53:52
Hülya,Puss in Book: Trapped in an Epic Tale,countdown_complete,Goldilocks Olsun,false,tvui,2022-02-20 10:52:24
Hülya,Puss in Book: Trapped in an Epic Tale,countdown_complete,Bir Tanrıyla Savaşsın,false,tvui,2022-02-20 10:49:29
Hülya,Puss in Book: Trapped in an Epic Tale,countdown_complete,Bir Tanrıyla Savaşsın,false,tvui,2022-02-20 10:48:51
Televizyon,Puss in Book: Trapped in an Epic Tale,countdown_complete,Öpsün,false,tvui,2022-05-07 18:32:59
Televizyon,Puss in Book: Trapped in an Epic Tale,countdown_complete,Kraliçeyi Bulsun,false,tvui,2022-05-07 18:29:03
Televizyon,Puss in Book: Trapped in an Epic Tale,countdown_complete,Kraliçe,false,tvui,2022-05-07 18:27:32
Televizyon,Puss in Book: Trapped in an Epic Tale,countdown_complete,Çizmeli Kedi Şarkısı,false,tvui,2022-05-07 18:25:15
Televizyon,Puss in Book: Trapped in an Epic Tale,countdown_complete,Flamenko,false,tvui,2022-05-07 18:23:48
Televizyon,Puss in Book: Trapped in an Epic Tale,countdown_complete,Kendini Özgür Bıraksın,false,tvui,2022-05-07 18:21:34
Televizyon,Puss in Book: Trapped in an Epic Tale,countdown_complete,İp İstesin,false,tvui,2022-05-07 18:19:30
Televizyon,Puss in Book: Trapped in an Epic Tale,countdown_complete,Yeni Bir Şapka Dilesin,false,tvui,2022-05-07 18:14:03
Televizyon,Puss in Book: Trapped in an Epic Tale,countdown_complete,Mücadele Et,false,tvui,2022-05-07 18:11:18
Televizyon,Puss in Book: Trapped in an Epic Tale,countdown_interrupted,Korsan Kedi,false,tvui,2022-05-07 17:35:47
Televizyon,Puss in Book: Trapped in an Epic Tale,countdown_complete,Ayılar Dost Olsun,false,tvui,2022-05-07 17:33:47
Televizyon,Puss in Book: Trapped in an Epic Tale,countdown_complete,Goldilocks Olsun,false,tvui,2022-05-07 17:32:19
Televizyon,Puss in Book: Trapped in an Epic Tale,countdown_complete,Bir Tanrıyla Savaşsın,false,tvui,2022-05-07 17:29:24
Televizyon,Puss in Book: Trapped in an Epic Tale,countdown_complete,Bir Tanrıyla Savaşsın,false,tvui,2022-05-07 17:28:46
Televizyon,Black Mirror: Bandersnatch,countdown_interrupted,,false,tvui,2020-07-31 13:14:45
Televizyon,Black Mirror: Bandersnatch,countdown_interrupted,,false,tvui,2020-07-31 13:10:28
Televizyon,Black Mirror: Bandersnatch,countdown_interrupted,,false,tvui,2020-07-31 13:09:58
Televizyon,Black Mirror: Bandersnatch,countdown_interrupted,THOMPSON TWINS,false,tvui,2020-07-31 13:05:22
Televizyon,Black Mirror: Bandersnatch,countdown_interrupted,FROSTIES,false,tvui,2020-07-31 13:04:35
